<PicketLink xmlns="urn:picketlink:identity-federation:config:2.1">
  <PicketLinkIDP xmlns="urn:picketlink:identity-federation:config:2.1">
    <IdentityURL>${idp.url::http://localhost:8080/identity/}</IdentityURL>
    <Trust>
      <Domains>localhost,example.com</Domains>
    </Trust>
  </PicketLinkIDP>
  <Handlers xmlns="urn:picketlink:identity-federation:handler:config:2.1">
    <Handler class="org.picketlink.identity.federation.web.handlers.saml2.SAML2IssuerTrustHandler" />
    <Handler class="org.picketlink.identity.federation.web.handlers.saml2.SAML2LogOutHandler" />
    <Handler class="org.picketlink.identity.federation.web.handlers.saml2.SAML2AuthenticationHandler" />
    <Handler class="org.picketlink.identity.federation.web.handlers.saml2.RolesGenerationHandler" />
  </Handlers>
</PicketLink>